{
  "hash": "b8d7e3b9a17487556fbe6ee5291ded0c",
  "result": {
    "markdown": "---\ntitle: La Palma Earthquakes\nauthors:\n  - name: Steve Purves\n    orcid: 0000-0002-0760-5497\n    corresponding: true\n    email: steve@curvenote.com\n    roles:\n      - Investigation\n      - Project administration\n      - Software\n      - Visualization\n    affiliations:\n      - Curvenote\n  - name: Rowan Cockett\n    orcid: 0000-0002-7859-8394\n    corresponding: false\n    roles: []\n    affiliations:\n      - Curvenote\nkeywords: \n  - La Palma\n  - Earthquakes\nabstract: |\n  In September 2021, a significant jump in seismic activity on the island of La Palma (Canary Islands, Spain) signaled the start of a volcanic crisis that still continues at the time of writing. Earthquake data is continually collected and published by the Instituto Geográphico Nacional (IGN). ...\nplain-language-summary: |\n  Earthquake data for the island of La Palma from the September 2021 eruption is found ...\nkey-points:\n  - A web scraping script was developed to pull data from the Instituto Geogràphico Nacional into a machine-readable form for analysis\n  - Earthquake events on La Palma are consistent with the presence of both mantle and crustal reservoirs.\ndate: last-modified\nnumber-sections: true\nbibliography: references.bib\n---\n\n::: {.cell warning.hidden='true' message.hidden='true'}\n\n```{.r .cell-code .hidden}\nlibrary(tidyverse)\n```\n\n::: {.cell-output .cell-output-stderr .hidden}\n```\n── Attaching core tidyverse packages ──────────────────────── tidyverse 2.0.0 ──\n✔ dplyr     1.1.2     ✔ readr     2.1.4\n✔ forcats   1.0.0     ✔ stringr   1.5.0\n✔ ggplot2   3.4.2     ✔ tibble    3.2.1\n✔ lubridate 1.9.2     ✔ tidyr     1.3.0\n✔ purrr     1.0.1     \n── Conflicts ────────────────────────────────────────── tidyverse_conflicts() ──\n✖ dplyr::filter() masks stats::filter()\n✖ dplyr::lag()    masks stats::lag()\nℹ Use the conflicted package (<http://conflicted.r-lib.org/>) to force all conflicts to become errors\n```\n:::\n:::\n\n::: {.cell warning.hidden='true' message.hidden='true'}\n\n```{.r .cell-code .hidden}\neruptions <- tibble(\n  year = c(1492, 1585, 1646, 1677, 1712, 1949, 1971, 2021)\n)\nn_eruptions <- nrow(eruptions)\n```\n:::\n\n::: {.cell warning.hidden='true' message.hidden='true'}\n\n```{.r .cell-code .hidden}\navg_years_between_eruptions <- eruptions |>\n  filter(year != 2021) |>\n  mutate(\n    year_lag = lag(year),\n    diff = year - year_lag\n  ) |>\n  summarize(avg_diff = mean(diff, na.rm = TRUE)) |>\n  pull()\n```\n:::\n\n\nBased on data up to and including 1971, eruptions on La Palma happen every 79.8 years on average.\n\nStudies of the magma systems feeding the volcano, such as [@marrero2019], have proposed that there are two main magma reservoirs feeding the Cumbre Vieja volcano; one in the mantle (30-40km depth) which charges and in turn feeds a shallower crustal reservoir (10-20km depth).\n\n\n::: {#cell-fig-timeline .cell warning.hidden='true' message.hidden='true'}\n\n```{.r .cell-code .hidden}\nggplot(eruptions, aes(x = year, y = 0)) +\n  geom_text(label = \"|\") +\n  theme_minimal() +\n  labs(y = NULL) +\n  theme(\n    panel.grid = element_blank(),\n    axis.text.y = element_blank()\n  )\n```\n\n::: {.cell-output-display}\n![Timeline of recent eruptions on La Palma](index_files/figure-html/fig-timeline-1.png){#fig-timeline fig-alt='An event plot of the years of the last 8 eruptions on La Palma.' width=576}\n:::\n:::\n\n\nEight eruptions have been recorded since the late 1400s (@fig-timeline).\n\nData and methods are discussed in @sec-data-methods.\n\nLet $x$ denote the number of eruptions in a year. Then, $x$ can be modeled by a Poisson distribution\n\n$$\np(x) = \\frac{e^{-\\lambda} \\lambda^{x}}{x !}\n$$ {#eq-poisson}\n\nwhere $\\lambda$ is the rate of eruptions per year. Using @eq-poisson, the probability of an eruption in the next $t$ years can be calculated.\n\n| Name                | Year |\n|---------------------|------|\n| Current             | 2021 |\n| Teneguía            | 1971 |\n| Nambroque           | 1949 |\n| El Charco           | 1712 |\n| Volcán San Antonio  | 1677 |\n| Volcán San Martin   | 1646 |\n| Tajuya near El Paso | 1585 |\n| Montaña Quemada     | 1492 |\n\n: Recent historic eruptions on La Palma {#tbl-history}\n\n@tbl-history summarizes the eruptions recorded since the colonization of the islands by Europeans in the late 1400s.\n\n![Map of La Palma](images/la-palma-map.png){#fig-map fig-alt=\"Map of La Palma where La Palma is marked in red.\" fig-align=\"center\"}\n\nLa Palma is one of the west most islands in the Volcanic Archipelago of the Canary Islands (@fig-map).\n\n## Data & Methods {#sec-data-methods}\n\n## References {.unnumbered}\n",
    "supporting": [
      "index_files"
    ],
    "filters": [
      "rmarkdown/pagebreak.lua"
    ],
    "includes": {},
    "engineDependencies": {},
    "preserve": {},
    "postProcess": true
  }
}